{
  "project_info": {
    "project_number": "415866098745",
    "firebase_url": "https://minha-passagem.firebaseio.com",
    "project_id": "minha-passagem",
    "storage_bucket": "minha-passagem.appspot.com"
  },
  "client": [
    {
      "client_info": {
        "mobilesdk_app_id": "1:415866098745:android:1d4f20e1b8b7d475",
        "android_client_info": {
          "package_name": "peoplesolutions.com.minhapassagem"
        }
      },
      "oauth_client": [
        {
          "client_id": "415866098745-qhps4i0lp3khc0t253mbuf76fignu2ki.apps.googleusercontent.com",
          "client_type": 1,
          "android_info": {
            "package_name": "peoplesolutions.com.minhapassagem",
            "certificate_hash": "4e928fd3175ff6d9213988d7b2d310dd0d591e17"
          }
        },
        {
          "client_id": "415866098745-as1tg6m63lbf1q889oh308ice0hetadq.apps.googleusercontent.com",
          "client_type": 3
        }
      ],
      "api_key": [
        {
          "current_key": "AIzaSyDkG0qHN6978LFUUAtd-ivMiXepXAssb-k"
        }
      ],
      "services": {
        "appinvite_service": {
          "other_platform_oauth_client": [
            {
              "client_id": "415866098745-as1tg6m63lbf1q889oh308ice0hetadq.apps.googleusercontent.com",
              "client_type": 3
            }
          ]
        }
      }
    }
  ],
  "configuration_version": "1"
}